{
  "feature_shape": [
    66134,
    10
  ],
  "n_normal": 60803,
  "n_ventricular": 5331,
  "train_records": [
    "100",
    "101",
    "103",
    "105",
    "106",
    "108",
    "112",
    "113",
    "116",
    "117",
    "119",
    "121",
    "122",
    "200",
    "202",
    "203",
    "205",
    "208",
    "210",
    "214",
    "219",
    "220",
    "222",
    "223"
  ],
  "test_records": [
    "114",
    "115",
    "123",
    "201",
    "213",
    "221"
  ],
  "best_params": {
    "svc__C": 1,
    "svc__gamma": "scale"
  },
  "best_cv_auc": 0.9655974229355806,
  "test_accuracy": 0.912473878797621,
  "test_precision": 0.41885187810063784,
  "test_recall": 0.6872093023255814,
  "test_f1": 0.5204755614266843,
  "test_auc": 0.9351554436916947,
  "confusion_matrix": [
    [
      10762,
      820
    ],
    [
      269,
      591
    ]
  ],
  "feature_names": [
    "d_R",
    "d_P",
    "d_T",
    "A_R",
    "A_P",
    "A_T",
    "RR_prev",
    "RR_next",
    "PR",
    "QT"
  ]
}